,Name,Age
0,Ashley Beck,59
1,Steven Wall,55
2,Katherine Hall,54
3,Virginia Stephens,80
4,Jill Fox,100
5,Michael Wilkinson,72
6,Kelly Green,69
7,Jacqueline Hull,86
8,Jeremy Norris,67
9,Holly Pena,82
10,Matthew Wells,56
11,Maria Cunningham,57
12,Todd Becker,62
13,Raymond Kramer,66
14,John Sanders,92
15,Laura Johnson,60
16,Michael Davis,84
17,David Molina,76
18,Bobby Robinson,96
19,Michael Reid,82
20,Ryan Singh,60
21,Miguel Ferguson,62
22,Diane Wong,65
23,Gary Jackson,71
24,Marilyn Morgan,92
25,Krista Hogan,98
26,Michael Christensen,90
27,Amber Williamson,56
28,Courtney Miller,64
29,Benjamin Blankenship,91
30,Brian Ramsey,80
31,Alex Glover,65
32,Robert Carter,79
33,Alexander Walker,71
34,Kevin Farrell,59
35,Katie Harrell,83
36,Melissa Cordova,97
37,Jennifer Butler,92
38,James Cochran,85
39,Kevin Collins,87
40,Jerry Ford,54
41,Traci Johnson,62
42,Melanie Levine,56
43,Joseph Osborn,74
44,Vernon Greene,57
45,Joseph Williams,99
46,Thomas Massey,68
47,Christopher Nguyen,74
48,Erik Charles,72
49,Marc Dixon,54
50,Mary Gonzalez,63
51,Zachary Miller,69
52,Jennifer Atkins,69
53,Derrick Avery,78
54,Marie Austin,94
55,Michael Brown,71
56,Kristin Rodriguez,78
57,Edward Ramirez,95
58,Deborah Flores,99
59,Jessica Shepherd,81
60,Lisa Hall,73
61,Robert Carrillo,61
62,Miguel Wiley,94
63,Samuel Franklin,96
64,John Thornton,89
65,Jessica West,64
66,Antonio Petersen,62
67,Lauren Hickman,85
68,Ashley Gomez,56
69,Anthony Griffin,68
70,Paul Park,79
71,Kimberly Parks,89
72,Claudia Moore,91
73,Michael Wong,72
74,Charles Thompson,69
75,Peter Reynolds,78
76,Sandra Sutton,84
77,Valerie Bradley,85
78,Cynthia Harper,65
79,Jeffrey Matthews,73
80,Jay Williams,74
81,James Rodriguez,53
82,Richard Ray,54
83,Amy Ramirez,68
84,Mark Savage,86
85,Evan Freeman,54
86,Timothy Miller,97
87,Christine Lee,78
88,John Patel,84
89,Robert Howard,56
90,Rebecca Jones,82
91,Andrew Espinoza,55
92,Allison Ray,62
93,Christina Jackson,88
94,Crystal Miller,51
95,Rachel Johnson,63
96,David Hahn,55
97,Dylan Lyons,59
98,Jason Barron,53
99,Mr. Corey Murray,96
100,Anna Martinez,69
101,Aaron Diaz,50
102,Becky Brown,80
103,Kim Thomas,69
